prompt,completion
"Student scored 100% in the Data Science and Machine Learning quiz. Provide a study plan for the Expert level, focusing on key concepts and resources.","Expert Level Study Plan: Data Science and Machine Learning
Week 1-2: Research Methods and Algorithm Optimization
Goal: Conduct research and optimize algorithms.
Key Concepts:
- Advanced research methodologies
- Hyperparameter tuning, optimization techniques
Resources:
- Coursera: Machine Learning Specialization by Andrew Ng
- Research Papers on arXiv

Week 3-4: Deploying Machine Learning Models
Goal: Learn how to deploy machine learning models in production.
Key Concepts:
- Model deployment techniques
- Building APIs and using cloud platforms
Resources:
- FastAPI Documentation
- AWS Machine Learning Services
..."
"Student scored 20% in the Data Science and Machine Learning quiz. Provide a study plan for the Basic level, focusing on key concepts and resources.","Basic Level Study Plan: Data Science and Machine Learning
Week 1-2: Introduction to Data Science and Machine Learning
Goal: Understand the basic concepts and types of machine learning.
Key Concepts:
- Introduction to data science and machine learning
- Difference between supervised, unsupervised, and reinforcement learning
- Understanding basic terms like dataset, features, labels, and models
Resources:
- Coursera: Introduction to Data Science by IBM
- YouTube: Data School - What is Machine Learning?

Week 3-4: Python for Data Science
Goal: Get familiar with Python, a popular language for data science.
Key Concepts:
- Python basics: data types, loops, functions, and libraries
- Introduction to essential libraries: NumPy, Pandas, Matplotlib
- Loading and manipulating datasets with Pandas
Resources:
- Python for Data Analysis by Wes McKinney
- Kaggle: Python Course
..."
"Student scored 0% in the Data Science and Machine Learning quiz. Provide a study plan for the Basic level, focusing on key concepts and resources.","Basic Level Study Plan: Data Science and Machine Learning
Week 1-2: Introduction to Data Science and Machine Learning
Goal: Understand the basic concepts and types of machine learning.
Key Concepts:
- Introduction to data science and machine learning
- Difference between supervised, unsupervised, and reinforcement learning
- Understanding basic terms like dataset, features, labels, and models
Resources:
- Coursera: Introduction to Data Science by IBM
- YouTube: Data School - What is Machine Learning?

Week 3-4: Python for Data Science
Goal: Get familiar with Python, a popular language for data science.
Key Concepts:
- Python basics: data types, loops, functions, and libraries
- Introduction to essential libraries: NumPy, Pandas, Matplotlib
- Loading and manipulating datasets with Pandas
Resources:
- Python for Data Analysis by Wes McKinney
- Kaggle: Python Course
..."
"Student scored 60% in the Data Science and Machine Learning quiz. Provide a study plan for the Intermediate level, focusing on key concepts and resources.","Intermediate Level Study Plan: Data Science and Machine Learning
Week 1-2: Data Analysis and Data Wrangling
Goal: Strengthen data manipulation and analysis skills.
Key Concepts:
- Data wrangling with Pandas and NumPy
- Handling missing values, data cleaning, and transformations
Resources:
- Kaggle: Pandas Course
- YouTube: Corey Schafer - Data Analysis with Pandas

Week 3-4: Exploratory Data Analysis and Visualization
Goal: Improve skills in visualizing and interpreting data.
Key Concepts:
- Using Seaborn and Matplotlib for EDA
- Statistical analysis and correlation studies
Resources:
- Udacity: Data Visualization in Python
- Towards Data Science: EDA Tutorial
..."
"Student scored 40% in the Data Science and Machine Learning quiz. Provide a study plan for the Intermediate level, focusing on key concepts and resources.","Intermediate Level Study Plan: Data Science and Machine Learning
Week 1-2: Data Analysis and Data Wrangling
Goal: Strengthen data manipulation and analysis skills.
Key Concepts:
- Data wrangling with Pandas and NumPy
- Handling missing values, data cleaning, and transformations
Resources:
- Kaggle: Pandas Course
- YouTube: Corey Schafer - Data Analysis with Pandas

Week 3-4: Exploratory Data Analysis and Visualization
Goal: Improve skills in visualizing and interpreting data.
Key Concepts:
- Using Seaborn and Matplotlib for EDA
- Statistical analysis and correlation studies
Resources:
- Udacity: Data Visualization in Python
- Towards Data Science: EDA Tutorial
..."
"Student scored 40% in the Data Science and Machine Learning quiz. Provide a study plan for the Intermediate level, focusing on key concepts and resources.","Intermediate Level Study Plan: Data Science and Machine Learning
Week 1-2: Data Analysis and Data Wrangling
Goal: Strengthen data manipulation and analysis skills.
Key Concepts:
- Data wrangling with Pandas and NumPy
- Handling missing values, data cleaning, and transformations
Resources:
- Kaggle: Pandas Course
- YouTube: Corey Schafer - Data Analysis with Pandas

Week 3-4: Exploratory Data Analysis and Visualization
Goal: Improve skills in visualizing and interpreting data.
Key Concepts:
- Using Seaborn and Matplotlib for EDA
- Statistical analysis and correlation studies
Resources:
- Udacity: Data Visualization in Python
- Towards Data Science: EDA Tutorial
..."
"Student scored 0% in the Data Science and Machine Learning quiz. Provide a study plan for the Basic level, focusing on key concepts and resources.","Basic Level Study Plan: Data Science and Machine Learning
Week 1-2: Introduction to Data Science and Machine Learning
Goal: Understand the basic concepts and types of machine learning.
Key Concepts:
- Introduction to data science and machine learning
- Difference between supervised, unsupervised, and reinforcement learning
- Understanding basic terms like dataset, features, labels, and models
Resources:
- Coursera: Introduction to Data Science by IBM
- YouTube: Data School - What is Machine Learning?

Week 3-4: Python for Data Science
Goal: Get familiar with Python, a popular language for data science.
Key Concepts:
- Python basics: data types, loops, functions, and libraries
- Introduction to essential libraries: NumPy, Pandas, Matplotlib
- Loading and manipulating datasets with Pandas
Resources:
- Python for Data Analysis by Wes McKinney
- Kaggle: Python Course
..."
"Student scored 40% in the Data Science and Machine Learning quiz. Provide a study plan for the Intermediate level, focusing on key concepts and resources.","Intermediate Level Study Plan: Data Science and Machine Learning
Week 1-2: Data Analysis and Data Wrangling
Goal: Strengthen data manipulation and analysis skills.
Key Concepts:
- Data wrangling with Pandas and NumPy
- Handling missing values, data cleaning, and transformations
Resources:
- Kaggle: Pandas Course
- YouTube: Corey Schafer - Data Analysis with Pandas

Week 3-4: Exploratory Data Analysis and Visualization
Goal: Improve skills in visualizing and interpreting data.
Key Concepts:
- Using Seaborn and Matplotlib for EDA
- Statistical analysis and correlation studies
Resources:
- Udacity: Data Visualization in Python
- Towards Data Science: EDA Tutorial
..."
"Student scored 60% in the Data Science and Machine Learning quiz. Provide a study plan for the Intermediate level, focusing on key concepts and resources.","Intermediate Level Study Plan: Data Science and Machine Learning
Week 1-2: Data Analysis and Data Wrangling
Goal: Strengthen data manipulation and analysis skills.
Key Concepts:
- Data wrangling with Pandas and NumPy
- Handling missing values, data cleaning, and transformations
Resources:
- Kaggle: Pandas Course
- YouTube: Corey Schafer - Data Analysis with Pandas

Week 3-4: Exploratory Data Analysis and Visualization
Goal: Improve skills in visualizing and interpreting data.
Key Concepts:
- Using Seaborn and Matplotlib for EDA
- Statistical analysis and correlation studies
Resources:
- Udacity: Data Visualization in Python
- Towards Data Science: EDA Tutorial
..."
"Student scored 40% in the Data Science and Machine Learning quiz. Provide a study plan for the Intermediate level, focusing on key concepts and resources.","Intermediate Level Study Plan: Data Science and Machine Learning
Week 1-2: Data Analysis and Data Wrangling
Goal: Strengthen data manipulation and analysis skills.
Key Concepts:
- Data wrangling with Pandas and NumPy
- Handling missing values, data cleaning, and transformations
Resources:
- Kaggle: Pandas Course
- YouTube: Corey Schafer - Data Analysis with Pandas

Week 3-4: Exploratory Data Analysis and Visualization
Goal: Improve skills in visualizing and interpreting data.
Key Concepts:
- Using Seaborn and Matplotlib for EDA
- Statistical analysis and correlation studies
Resources:
- Udacity: Data Visualization in Python
- Towards Data Science: EDA Tutorial
..."
"Student scored 100% in the Data Science and Machine Learning quiz. Provide a study plan for the Expert level, focusing on key concepts and resources.","Expert Level Study Plan: Data Science and Machine Learning
Week 1-2: Research Methods and Algorithm Optimization
Goal: Conduct research and optimize algorithms.
Key Concepts:
- Advanced research methodologies
- Hyperparameter tuning, optimization techniques
Resources:
- Coursera: Machine Learning Specialization by Andrew Ng
- Research Papers on arXiv

Week 3-4: Deploying Machine Learning Models
Goal: Learn how to deploy machine learning models in production.
Key Concepts:
- Model deployment techniques
- Building APIs and using cloud platforms
Resources:
- FastAPI Documentation
- AWS Machine Learning Services
..."
"Student scored 0% in the Data Science and Machine Learning quiz. Provide a study plan for the Basic level, focusing on key concepts and resources.","Basic Level Study Plan: Data Science and Machine Learning
Week 1-2: Introduction to Data Science and Machine Learning
Goal: Understand the basic concepts and types of machine learning.
Key Concepts:
- Introduction to data science and machine learning
- Difference between supervised, unsupervised, and reinforcement learning
- Understanding basic terms like dataset, features, labels, and models
Resources:
- Coursera: Introduction to Data Science by IBM
- YouTube: Data School - What is Machine Learning?

Week 3-4: Python for Data Science
Goal: Get familiar with Python, a popular language for data science.
Key Concepts:
- Python basics: data types, loops, functions, and libraries
- Introduction to essential libraries: NumPy, Pandas, Matplotlib
- Loading and manipulating datasets with Pandas
Resources:
- Python for Data Analysis by Wes McKinney
- Kaggle: Python Course
..."
"Student scored 20% in the Data Science and Machine Learning quiz. Provide a study plan for the Basic level, focusing on key concepts and resources.","Basic Level Study Plan: Data Science and Machine Learning
Week 1-2: Introduction to Data Science and Machine Learning
Goal: Understand the basic concepts and types of machine learning.
Key Concepts:
- Introduction to data science and machine learning
- Difference between supervised, unsupervised, and reinforcement learning
- Understanding basic terms like dataset, features, labels, and models
Resources:
- Coursera: Introduction to Data Science by IBM
- YouTube: Data School - What is Machine Learning?

Week 3-4: Python for Data Science
Goal: Get familiar with Python, a popular language for data science.
Key Concepts:
- Python basics: data types, loops, functions, and libraries
- Introduction to essential libraries: NumPy, Pandas, Matplotlib
- Loading and manipulating datasets with Pandas
Resources:
- Python for Data Analysis by Wes McKinney
- Kaggle: Python Course
..."
"Student scored 40% in the Data Science and Machine Learning quiz. Provide a study plan for the Intermediate level, focusing on key concepts and resources.","Intermediate Level Study Plan: Data Science and Machine Learning
Week 1-2: Data Analysis and Data Wrangling
Goal: Strengthen data manipulation and analysis skills.
Key Concepts:
- Data wrangling with Pandas and NumPy
- Handling missing values, data cleaning, and transformations
Resources:
- Kaggle: Pandas Course
- YouTube: Corey Schafer - Data Analysis with Pandas

Week 3-4: Exploratory Data Analysis and Visualization
Goal: Improve skills in visualizing and interpreting data.
Key Concepts:
- Using Seaborn and Matplotlib for EDA
- Statistical analysis and correlation studies
Resources:
- Udacity: Data Visualization in Python
- Towards Data Science: EDA Tutorial
..."
"Student scored 100% in the Data Science and Machine Learning quiz. Provide a study plan for the Expert level, focusing on key concepts and resources.","Expert Level Study Plan: Data Science and Machine Learning
Week 1-2: Research Methods and Algorithm Optimization
Goal: Conduct research and optimize algorithms.
Key Concepts:
- Advanced research methodologies
- Hyperparameter tuning, optimization techniques
Resources:
- Coursera: Machine Learning Specialization by Andrew Ng
- Research Papers on arXiv

Week 3-4: Deploying Machine Learning Models
Goal: Learn how to deploy machine learning models in production.
Key Concepts:
- Model deployment techniques
- Building APIs and using cloud platforms
Resources:
- FastAPI Documentation
- AWS Machine Learning Services
..."
"Student scored 60% in the Data Science and Machine Learning quiz. Provide a study plan for the Intermediate level, focusing on key concepts and resources.","Intermediate Level Study Plan: Data Science and Machine Learning
Week 1-2: Data Analysis and Data Wrangling
Goal: Strengthen data manipulation and analysis skills.
Key Concepts:
- Data wrangling with Pandas and NumPy
- Handling missing values, data cleaning, and transformations
Resources:
- Kaggle: Pandas Course
- YouTube: Corey Schafer - Data Analysis with Pandas

Week 3-4: Exploratory Data Analysis and Visualization
Goal: Improve skills in visualizing and interpreting data.
Key Concepts:
- Using Seaborn and Matplotlib for EDA
- Statistical analysis and correlation studies
Resources:
- Udacity: Data Visualization in Python
- Towards Data Science: EDA Tutorial
..."
"Student scored 80% in the Data Science and Machine Learning quiz. Provide a study plan for the Advanced level, focusing on key concepts and resources.","Advanced Level Study Plan: Data Science and Machine Learning
Week 1-2: Feature Engineering and Data Preparation
Goal: Master feature engineering techniques for model optimization.
Key Concepts:
- Advanced feature engineering methods
- Scaling, normalization, and encoding
Resources:
- Coursera: Feature Engineering for Machine Learning by University of Washington
- YouTube: StatQuest with Josh Starmer - Feature Engineering

Week 3-4: Advanced Machine Learning Models
Goal: Deep dive into complex machine learning models.
Key Concepts:
- Ensemble methods, boosting, and bagging
- Support Vector Machines, XGBoost, Random Forest
Resources:
- Coursera: Advanced Machine Learning Specialization by HSE University
- Book: Hands-On Machine Learning with Scikit-Learn and TensorFlow by Aurélien Géron
..."
"Student scored 20% in the Data Science and Machine Learning quiz. Provide a study plan for the Basic level, focusing on key concepts and resources.","Basic Level Study Plan: Data Science and Machine Learning
Week 1-2: Introduction to Data Science and Machine Learning
Goal: Understand the basic concepts and types of machine learning.
Key Concepts:
- Introduction to data science and machine learning
- Difference between supervised, unsupervised, and reinforcement learning
- Understanding basic terms like dataset, features, labels, and models
Resources:
- Coursera: Introduction to Data Science by IBM
- YouTube: Data School - What is Machine Learning?

Week 3-4: Python for Data Science
Goal: Get familiar with Python, a popular language for data science.
Key Concepts:
- Python basics: data types, loops, functions, and libraries
- Introduction to essential libraries: NumPy, Pandas, Matplotlib
- Loading and manipulating datasets with Pandas
Resources:
- Python for Data Analysis by Wes McKinney
- Kaggle: Python Course
..."
"Student scored 40% in the Data Science and Machine Learning quiz. Provide a study plan for the Intermediate level, focusing on key concepts and resources.","Intermediate Level Study Plan: Data Science and Machine Learning
Week 1-2: Data Analysis and Data Wrangling
Goal: Strengthen data manipulation and analysis skills.
Key Concepts:
- Data wrangling with Pandas and NumPy
- Handling missing values, data cleaning, and transformations
Resources:
- Kaggle: Pandas Course
- YouTube: Corey Schafer - Data Analysis with Pandas

Week 3-4: Exploratory Data Analysis and Visualization
Goal: Improve skills in visualizing and interpreting data.
Key Concepts:
- Using Seaborn and Matplotlib for EDA
- Statistical analysis and correlation studies
Resources:
- Udacity: Data Visualization in Python
- Towards Data Science: EDA Tutorial
..."
"Student scored 60% in the Data Science and Machine Learning quiz. Provide a study plan for the Intermediate level, focusing on key concepts and resources.","Intermediate Level Study Plan: Data Science and Machine Learning
Week 1-2: Data Analysis and Data Wrangling
Goal: Strengthen data manipulation and analysis skills.
Key Concepts:
- Data wrangling with Pandas and NumPy
- Handling missing values, data cleaning, and transformations
Resources:
- Kaggle: Pandas Course
- YouTube: Corey Schafer - Data Analysis with Pandas

Week 3-4: Exploratory Data Analysis and Visualization
Goal: Improve skills in visualizing and interpreting data.
Key Concepts:
- Using Seaborn and Matplotlib for EDA
- Statistical analysis and correlation studies
Resources:
- Udacity: Data Visualization in Python
- Towards Data Science: EDA Tutorial
..."
"Student scored 80% in the Data Science and Machine Learning quiz. Provide a study plan for the Advanced level, focusing on key concepts and resources.","Advanced Level Study Plan: Data Science and Machine Learning
Week 1-2: Feature Engineering and Data Preparation
Goal: Master feature engineering techniques for model optimization.
Key Concepts:
- Advanced feature engineering methods
- Scaling, normalization, and encoding
Resources:
- Coursera: Feature Engineering for Machine Learning by University of Washington
- YouTube: StatQuest with Josh Starmer - Feature Engineering

Week 3-4: Advanced Machine Learning Models
Goal: Deep dive into complex machine learning models.
Key Concepts:
- Ensemble methods, boosting, and bagging
- Support Vector Machines, XGBoost, Random Forest
Resources:
- Coursera: Advanced Machine Learning Specialization by HSE University
- Book: Hands-On Machine Learning with Scikit-Learn and TensorFlow by Aurélien Géron
..."
"Student scored 0% in the Data Science and Machine Learning quiz. Provide a study plan for the Basic level, focusing on key concepts and resources.","Basic Level Study Plan: Data Science and Machine Learning
Week 1-2: Introduction to Data Science and Machine Learning
Goal: Understand the basic concepts and types of machine learning.
Key Concepts:
- Introduction to data science and machine learning
- Difference between supervised, unsupervised, and reinforcement learning
- Understanding basic terms like dataset, features, labels, and models
Resources:
- Coursera: Introduction to Data Science by IBM
- YouTube: Data School - What is Machine Learning?

Week 3-4: Python for Data Science
Goal: Get familiar with Python, a popular language for data science.
Key Concepts:
- Python basics: data types, loops, functions, and libraries
- Introduction to essential libraries: NumPy, Pandas, Matplotlib
- Loading and manipulating datasets with Pandas
Resources:
- Python for Data Analysis by Wes McKinney
- Kaggle: Python Course
..."
"Student scored 40% in the Data Science and Machine Learning quiz. Provide a study plan for the Intermediate level, focusing on key concepts and resources.","Intermediate Level Study Plan: Data Science and Machine Learning
Week 1-2: Data Analysis and Data Wrangling
Goal: Strengthen data manipulation and analysis skills.
Key Concepts:
- Data wrangling with Pandas and NumPy
- Handling missing values, data cleaning, and transformations
Resources:
- Kaggle: Pandas Course
- YouTube: Corey Schafer - Data Analysis with Pandas

Week 3-4: Exploratory Data Analysis and Visualization
Goal: Improve skills in visualizing and interpreting data.
Key Concepts:
- Using Seaborn and Matplotlib for EDA
- Statistical analysis and correlation studies
Resources:
- Udacity: Data Visualization in Python
- Towards Data Science: EDA Tutorial
..."
"Student scored 80% in the Data Science and Machine Learning quiz. Provide a study plan for the Advanced level, focusing on key concepts and resources.","Advanced Level Study Plan: Data Science and Machine Learning
Week 1-2: Feature Engineering and Data Preparation
Goal: Master feature engineering techniques for model optimization.
Key Concepts:
- Advanced feature engineering methods
- Scaling, normalization, and encoding
Resources:
- Coursera: Feature Engineering for Machine Learning by University of Washington
- YouTube: StatQuest with Josh Starmer - Feature Engineering

Week 3-4: Advanced Machine Learning Models
Goal: Deep dive into complex machine learning models.
Key Concepts:
- Ensemble methods, boosting, and bagging
- Support Vector Machines, XGBoost, Random Forest
Resources:
- Coursera: Advanced Machine Learning Specialization by HSE University
- Book: Hands-On Machine Learning with Scikit-Learn and TensorFlow by Aurélien Géron
..."
"Student scored 60% in the Data Science and Machine Learning quiz. Provide a study plan for the Intermediate level, focusing on key concepts and resources.","Intermediate Level Study Plan: Data Science and Machine Learning
Week 1-2: Data Analysis and Data Wrangling
Goal: Strengthen data manipulation and analysis skills.
Key Concepts:
- Data wrangling with Pandas and NumPy
- Handling missing values, data cleaning, and transformations
Resources:
- Kaggle: Pandas Course
- YouTube: Corey Schafer - Data Analysis with Pandas

Week 3-4: Exploratory Data Analysis and Visualization
Goal: Improve skills in visualizing and interpreting data.
Key Concepts:
- Using Seaborn and Matplotlib for EDA
- Statistical analysis and correlation studies
Resources:
- Udacity: Data Visualization in Python
- Towards Data Science: EDA Tutorial
..."
"Student scored 0% in the Data Science and Machine Learning quiz. Provide a study plan for the Basic level, focusing on key concepts and resources.","Basic Level Study Plan: Data Science and Machine Learning
Week 1-2: Introduction to Data Science and Machine Learning
Goal: Understand the basic concepts and types of machine learning.
Key Concepts:
- Introduction to data science and machine learning
- Difference between supervised, unsupervised, and reinforcement learning
- Understanding basic terms like dataset, features, labels, and models
Resources:
- Coursera: Introduction to Data Science by IBM
- YouTube: Data School - What is Machine Learning?

Week 3-4: Python for Data Science
Goal: Get familiar with Python, a popular language for data science.
Key Concepts:
- Python basics: data types, loops, functions, and libraries
- Introduction to essential libraries: NumPy, Pandas, Matplotlib
- Loading and manipulating datasets with Pandas
Resources:
- Python for Data Analysis by Wes McKinney
- Kaggle: Python Course
..."
"Student scored 40% in the Data Science and Machine Learning quiz. Provide a study plan for the Intermediate level, focusing on key concepts and resources.","Intermediate Level Study Plan: Data Science and Machine Learning
Week 1-2: Data Analysis and Data Wrangling
Goal: Strengthen data manipulation and analysis skills.
Key Concepts:
- Data wrangling with Pandas and NumPy
- Handling missing values, data cleaning, and transformations
Resources:
- Kaggle: Pandas Course
- YouTube: Corey Schafer - Data Analysis with Pandas

Week 3-4: Exploratory Data Analysis and Visualization
Goal: Improve skills in visualizing and interpreting data.
Key Concepts:
- Using Seaborn and Matplotlib for EDA
- Statistical analysis and correlation studies
Resources:
- Udacity: Data Visualization in Python
- Towards Data Science: EDA Tutorial
..."
"Student scored 20% in the Data Science and Machine Learning quiz. Provide a study plan for the Basic level, focusing on key concepts and resources.","Basic Level Study Plan: Data Science and Machine Learning
Week 1-2: Introduction to Data Science and Machine Learning
Goal: Understand the basic concepts and types of machine learning.
Key Concepts:
- Introduction to data science and machine learning
- Difference between supervised, unsupervised, and reinforcement learning
- Understanding basic terms like dataset, features, labels, and models
Resources:
- Coursera: Introduction to Data Science by IBM
- YouTube: Data School - What is Machine Learning?

Week 3-4: Python for Data Science
Goal: Get familiar with Python, a popular language for data science.
Key Concepts:
- Python basics: data types, loops, functions, and libraries
- Introduction to essential libraries: NumPy, Pandas, Matplotlib
- Loading and manipulating datasets with Pandas
Resources:
- Python for Data Analysis by Wes McKinney
- Kaggle: Python Course
..."
"Student scored 0% in the Data Science and Machine Learning quiz. Provide a study plan for the Basic level, focusing on key concepts and resources.","Basic Level Study Plan: Data Science and Machine Learning
Week 1-2: Introduction to Data Science and Machine Learning
Goal: Understand the basic concepts and types of machine learning.
Key Concepts:
- Introduction to data science and machine learning
- Difference between supervised, unsupervised, and reinforcement learning
- Understanding basic terms like dataset, features, labels, and models
Resources:
- Coursera: Introduction to Data Science by IBM
- YouTube: Data School - What is Machine Learning?

Week 3-4: Python for Data Science
Goal: Get familiar with Python, a popular language for data science.
Key Concepts:
- Python basics: data types, loops, functions, and libraries
- Introduction to essential libraries: NumPy, Pandas, Matplotlib
- Loading and manipulating datasets with Pandas
Resources:
- Python for Data Analysis by Wes McKinney
- Kaggle: Python Course
..."
"Student scored 100% in the Data Science and Machine Learning quiz. Provide a study plan for the Expert level, focusing on key concepts and resources.","Expert Level Study Plan: Data Science and Machine Learning
Week 1-2: Research Methods and Algorithm Optimization
Goal: Conduct research and optimize algorithms.
Key Concepts:
- Advanced research methodologies
- Hyperparameter tuning, optimization techniques
Resources:
- Coursera: Machine Learning Specialization by Andrew Ng
- Research Papers on arXiv

Week 3-4: Deploying Machine Learning Models
Goal: Learn how to deploy machine learning models in production.
Key Concepts:
- Model deployment techniques
- Building APIs and using cloud platforms
Resources:
- FastAPI Documentation
- AWS Machine Learning Services
..."
"Student scored 100% in the Data Science and Machine Learning quiz. Provide a study plan for the Expert level, focusing on key concepts and resources.","Expert Level Study Plan: Data Science and Machine Learning
Week 1-2: Research Methods and Algorithm Optimization
Goal: Conduct research and optimize algorithms.
Key Concepts:
- Advanced research methodologies
- Hyperparameter tuning, optimization techniques
Resources:
- Coursera: Machine Learning Specialization by Andrew Ng
- Research Papers on arXiv

Week 3-4: Deploying Machine Learning Models
Goal: Learn how to deploy machine learning models in production.
Key Concepts:
- Model deployment techniques
- Building APIs and using cloud platforms
Resources:
- FastAPI Documentation
- AWS Machine Learning Services
..."
"Student scored 0% in the Data Science and Machine Learning quiz. Provide a study plan for the Basic level, focusing on key concepts and resources.","Basic Level Study Plan: Data Science and Machine Learning
Week 1-2: Introduction to Data Science and Machine Learning
Goal: Understand the basic concepts and types of machine learning.
Key Concepts:
- Introduction to data science and machine learning
- Difference between supervised, unsupervised, and reinforcement learning
- Understanding basic terms like dataset, features, labels, and models
Resources:
- Coursera: Introduction to Data Science by IBM
- YouTube: Data School - What is Machine Learning?

Week 3-4: Python for Data Science
Goal: Get familiar with Python, a popular language for data science.
Key Concepts:
- Python basics: data types, loops, functions, and libraries
- Introduction to essential libraries: NumPy, Pandas, Matplotlib
- Loading and manipulating datasets with Pandas
Resources:
- Python for Data Analysis by Wes McKinney
- Kaggle: Python Course
..."
"Student scored 100% in the Data Science and Machine Learning quiz. Provide a study plan for the Expert level, focusing on key concepts and resources.","Expert Level Study Plan: Data Science and Machine Learning
Week 1-2: Research Methods and Algorithm Optimization
Goal: Conduct research and optimize algorithms.
Key Concepts:
- Advanced research methodologies
- Hyperparameter tuning, optimization techniques
Resources:
- Coursera: Machine Learning Specialization by Andrew Ng
- Research Papers on arXiv

Week 3-4: Deploying Machine Learning Models
Goal: Learn how to deploy machine learning models in production.
Key Concepts:
- Model deployment techniques
- Building APIs and using cloud platforms
Resources:
- FastAPI Documentation
- AWS Machine Learning Services
..."
"Student scored 100% in the Data Science and Machine Learning quiz. Provide a study plan for the Expert level, focusing on key concepts and resources.","Expert Level Study Plan: Data Science and Machine Learning
Week 1-2: Research Methods and Algorithm Optimization
Goal: Conduct research and optimize algorithms.
Key Concepts:
- Advanced research methodologies
- Hyperparameter tuning, optimization techniques
Resources:
- Coursera: Machine Learning Specialization by Andrew Ng
- Research Papers on arXiv

Week 3-4: Deploying Machine Learning Models
Goal: Learn how to deploy machine learning models in production.
Key Concepts:
- Model deployment techniques
- Building APIs and using cloud platforms
Resources:
- FastAPI Documentation
- AWS Machine Learning Services
..."
"Student scored 80% in the Data Science and Machine Learning quiz. Provide a study plan for the Advanced level, focusing on key concepts and resources.","Advanced Level Study Plan: Data Science and Machine Learning
Week 1-2: Feature Engineering and Data Preparation
Goal: Master feature engineering techniques for model optimization.
Key Concepts:
- Advanced feature engineering methods
- Scaling, normalization, and encoding
Resources:
- Coursera: Feature Engineering for Machine Learning by University of Washington
- YouTube: StatQuest with Josh Starmer - Feature Engineering

Week 3-4: Advanced Machine Learning Models
Goal: Deep dive into complex machine learning models.
Key Concepts:
- Ensemble methods, boosting, and bagging
- Support Vector Machines, XGBoost, Random Forest
Resources:
- Coursera: Advanced Machine Learning Specialization by HSE University
- Book: Hands-On Machine Learning with Scikit-Learn and TensorFlow by Aurélien Géron
..."
"Student scored 100% in the Data Science and Machine Learning quiz. Provide a study plan for the Expert level, focusing on key concepts and resources.","Expert Level Study Plan: Data Science and Machine Learning
Week 1-2: Research Methods and Algorithm Optimization
Goal: Conduct research and optimize algorithms.
Key Concepts:
- Advanced research methodologies
- Hyperparameter tuning, optimization techniques
Resources:
- Coursera: Machine Learning Specialization by Andrew Ng
- Research Papers on arXiv

Week 3-4: Deploying Machine Learning Models
Goal: Learn how to deploy machine learning models in production.
Key Concepts:
- Model deployment techniques
- Building APIs and using cloud platforms
Resources:
- FastAPI Documentation
- AWS Machine Learning Services
..."
"Student scored 80% in the Data Science and Machine Learning quiz. Provide a study plan for the Advanced level, focusing on key concepts and resources.","Advanced Level Study Plan: Data Science and Machine Learning
Week 1-2: Feature Engineering and Data Preparation
Goal: Master feature engineering techniques for model optimization.
Key Concepts:
- Advanced feature engineering methods
- Scaling, normalization, and encoding
Resources:
- Coursera: Feature Engineering for Machine Learning by University of Washington
- YouTube: StatQuest with Josh Starmer - Feature Engineering

Week 3-4: Advanced Machine Learning Models
Goal: Deep dive into complex machine learning models.
Key Concepts:
- Ensemble methods, boosting, and bagging
- Support Vector Machines, XGBoost, Random Forest
Resources:
- Coursera: Advanced Machine Learning Specialization by HSE University
- Book: Hands-On Machine Learning with Scikit-Learn and TensorFlow by Aurélien Géron
..."
"Student scored 20% in the Data Science and Machine Learning quiz. Provide a study plan for the Basic level, focusing on key concepts and resources.","Basic Level Study Plan: Data Science and Machine Learning
Week 1-2: Introduction to Data Science and Machine Learning
Goal: Understand the basic concepts and types of machine learning.
Key Concepts:
- Introduction to data science and machine learning
- Difference between supervised, unsupervised, and reinforcement learning
- Understanding basic terms like dataset, features, labels, and models
Resources:
- Coursera: Introduction to Data Science by IBM
- YouTube: Data School - What is Machine Learning?

Week 3-4: Python for Data Science
Goal: Get familiar with Python, a popular language for data science.
Key Concepts:
- Python basics: data types, loops, functions, and libraries
- Introduction to essential libraries: NumPy, Pandas, Matplotlib
- Loading and manipulating datasets with Pandas
Resources:
- Python for Data Analysis by Wes McKinney
- Kaggle: Python Course
..."
"Student scored 40% in the Data Science and Machine Learning quiz. Provide a study plan for the Intermediate level, focusing on key concepts and resources.","Intermediate Level Study Plan: Data Science and Machine Learning
Week 1-2: Data Analysis and Data Wrangling
Goal: Strengthen data manipulation and analysis skills.
Key Concepts:
- Data wrangling with Pandas and NumPy
- Handling missing values, data cleaning, and transformations
Resources:
- Kaggle: Pandas Course
- YouTube: Corey Schafer - Data Analysis with Pandas

Week 3-4: Exploratory Data Analysis and Visualization
Goal: Improve skills in visualizing and interpreting data.
Key Concepts:
- Using Seaborn and Matplotlib for EDA
- Statistical analysis and correlation studies
Resources:
- Udacity: Data Visualization in Python
- Towards Data Science: EDA Tutorial
..."
"Student scored 20% in the Data Science and Machine Learning quiz. Provide a study plan for the Basic level, focusing on key concepts and resources.","Basic Level Study Plan: Data Science and Machine Learning
Week 1-2: Introduction to Data Science and Machine Learning
Goal: Understand the basic concepts and types of machine learning.
Key Concepts:
- Introduction to data science and machine learning
- Difference between supervised, unsupervised, and reinforcement learning
- Understanding basic terms like dataset, features, labels, and models
Resources:
- Coursera: Introduction to Data Science by IBM
- YouTube: Data School - What is Machine Learning?

Week 3-4: Python for Data Science
Goal: Get familiar with Python, a popular language for data science.
Key Concepts:
- Python basics: data types, loops, functions, and libraries
- Introduction to essential libraries: NumPy, Pandas, Matplotlib
- Loading and manipulating datasets with Pandas
Resources:
- Python for Data Analysis by Wes McKinney
- Kaggle: Python Course
..."
"Student scored 20% in the Data Science and Machine Learning quiz. Provide a study plan for the Basic level, focusing on key concepts and resources.","Basic Level Study Plan: Data Science and Machine Learning
Week 1-2: Introduction to Data Science and Machine Learning
Goal: Understand the basic concepts and types of machine learning.
Key Concepts:
- Introduction to data science and machine learning
- Difference between supervised, unsupervised, and reinforcement learning
- Understanding basic terms like dataset, features, labels, and models
Resources:
- Coursera: Introduction to Data Science by IBM
- YouTube: Data School - What is Machine Learning?

Week 3-4: Python for Data Science
Goal: Get familiar with Python, a popular language for data science.
Key Concepts:
- Python basics: data types, loops, functions, and libraries
- Introduction to essential libraries: NumPy, Pandas, Matplotlib
- Loading and manipulating datasets with Pandas
Resources:
- Python for Data Analysis by Wes McKinney
- Kaggle: Python Course
..."
"Student scored 0% in the Data Science and Machine Learning quiz. Provide a study plan for the Basic level, focusing on key concepts and resources.","Basic Level Study Plan: Data Science and Machine Learning
Week 1-2: Introduction to Data Science and Machine Learning
Goal: Understand the basic concepts and types of machine learning.
Key Concepts:
- Introduction to data science and machine learning
- Difference between supervised, unsupervised, and reinforcement learning
- Understanding basic terms like dataset, features, labels, and models
Resources:
- Coursera: Introduction to Data Science by IBM
- YouTube: Data School - What is Machine Learning?

Week 3-4: Python for Data Science
Goal: Get familiar with Python, a popular language for data science.
Key Concepts:
- Python basics: data types, loops, functions, and libraries
- Introduction to essential libraries: NumPy, Pandas, Matplotlib
- Loading and manipulating datasets with Pandas
Resources:
- Python for Data Analysis by Wes McKinney
- Kaggle: Python Course
..."
"Student scored 100% in the Data Science and Machine Learning quiz. Provide a study plan for the Expert level, focusing on key concepts and resources.","Expert Level Study Plan: Data Science and Machine Learning
Week 1-2: Research Methods and Algorithm Optimization
Goal: Conduct research and optimize algorithms.
Key Concepts:
- Advanced research methodologies
- Hyperparameter tuning, optimization techniques
Resources:
- Coursera: Machine Learning Specialization by Andrew Ng
- Research Papers on arXiv

Week 3-4: Deploying Machine Learning Models
Goal: Learn how to deploy machine learning models in production.
Key Concepts:
- Model deployment techniques
- Building APIs and using cloud platforms
Resources:
- FastAPI Documentation
- AWS Machine Learning Services
..."
"Student scored 60% in the Data Science and Machine Learning quiz. Provide a study plan for the Intermediate level, focusing on key concepts and resources.","Intermediate Level Study Plan: Data Science and Machine Learning
Week 1-2: Data Analysis and Data Wrangling
Goal: Strengthen data manipulation and analysis skills.
Key Concepts:
- Data wrangling with Pandas and NumPy
- Handling missing values, data cleaning, and transformations
Resources:
- Kaggle: Pandas Course
- YouTube: Corey Schafer - Data Analysis with Pandas

Week 3-4: Exploratory Data Analysis and Visualization
Goal: Improve skills in visualizing and interpreting data.
Key Concepts:
- Using Seaborn and Matplotlib for EDA
- Statistical analysis and correlation studies
Resources:
- Udacity: Data Visualization in Python
- Towards Data Science: EDA Tutorial
..."
"Student scored 0% in the Data Science and Machine Learning quiz. Provide a study plan for the Basic level, focusing on key concepts and resources.","Basic Level Study Plan: Data Science and Machine Learning
Week 1-2: Introduction to Data Science and Machine Learning
Goal: Understand the basic concepts and types of machine learning.
Key Concepts:
- Introduction to data science and machine learning
- Difference between supervised, unsupervised, and reinforcement learning
- Understanding basic terms like dataset, features, labels, and models
Resources:
- Coursera: Introduction to Data Science by IBM
- YouTube: Data School - What is Machine Learning?

Week 3-4: Python for Data Science
Goal: Get familiar with Python, a popular language for data science.
Key Concepts:
- Python basics: data types, loops, functions, and libraries
- Introduction to essential libraries: NumPy, Pandas, Matplotlib
- Loading and manipulating datasets with Pandas
Resources:
- Python for Data Analysis by Wes McKinney
- Kaggle: Python Course
..."
"Student scored 0% in the Data Science and Machine Learning quiz. Provide a study plan for the Basic level, focusing on key concepts and resources.","Basic Level Study Plan: Data Science and Machine Learning
Week 1-2: Introduction to Data Science and Machine Learning
Goal: Understand the basic concepts and types of machine learning.
Key Concepts:
- Introduction to data science and machine learning
- Difference between supervised, unsupervised, and reinforcement learning
- Understanding basic terms like dataset, features, labels, and models
Resources:
- Coursera: Introduction to Data Science by IBM
- YouTube: Data School - What is Machine Learning?

Week 3-4: Python for Data Science
Goal: Get familiar with Python, a popular language for data science.
Key Concepts:
- Python basics: data types, loops, functions, and libraries
- Introduction to essential libraries: NumPy, Pandas, Matplotlib
- Loading and manipulating datasets with Pandas
Resources:
- Python for Data Analysis by Wes McKinney
- Kaggle: Python Course
..."
"Student scored 0% in the Data Science and Machine Learning quiz. Provide a study plan for the Basic level, focusing on key concepts and resources.","Basic Level Study Plan: Data Science and Machine Learning
Week 1-2: Introduction to Data Science and Machine Learning
Goal: Understand the basic concepts and types of machine learning.
Key Concepts:
- Introduction to data science and machine learning
- Difference between supervised, unsupervised, and reinforcement learning
- Understanding basic terms like dataset, features, labels, and models
Resources:
- Coursera: Introduction to Data Science by IBM
- YouTube: Data School - What is Machine Learning?

Week 3-4: Python for Data Science
Goal: Get familiar with Python, a popular language for data science.
Key Concepts:
- Python basics: data types, loops, functions, and libraries
- Introduction to essential libraries: NumPy, Pandas, Matplotlib
- Loading and manipulating datasets with Pandas
Resources:
- Python for Data Analysis by Wes McKinney
- Kaggle: Python Course
..."
"Student scored 80% in the Data Science and Machine Learning quiz. Provide a study plan for the Advanced level, focusing on key concepts and resources.","Advanced Level Study Plan: Data Science and Machine Learning
Week 1-2: Feature Engineering and Data Preparation
Goal: Master feature engineering techniques for model optimization.
Key Concepts:
- Advanced feature engineering methods
- Scaling, normalization, and encoding
Resources:
- Coursera: Feature Engineering for Machine Learning by University of Washington
- YouTube: StatQuest with Josh Starmer - Feature Engineering

Week 3-4: Advanced Machine Learning Models
Goal: Deep dive into complex machine learning models.
Key Concepts:
- Ensemble methods, boosting, and bagging
- Support Vector Machines, XGBoost, Random Forest
Resources:
- Coursera: Advanced Machine Learning Specialization by HSE University
- Book: Hands-On Machine Learning with Scikit-Learn and TensorFlow by Aurélien Géron
..."
"Student scored 20% in the Data Science and Machine Learning quiz. Provide a study plan for the Basic level, focusing on key concepts and resources.","Basic Level Study Plan: Data Science and Machine Learning
Week 1-2: Introduction to Data Science and Machine Learning
Goal: Understand the basic concepts and types of machine learning.
Key Concepts:
- Introduction to data science and machine learning
- Difference between supervised, unsupervised, and reinforcement learning
- Understanding basic terms like dataset, features, labels, and models
Resources:
- Coursera: Introduction to Data Science by IBM
- YouTube: Data School - What is Machine Learning?

Week 3-4: Python for Data Science
Goal: Get familiar with Python, a popular language for data science.
Key Concepts:
- Python basics: data types, loops, functions, and libraries
- Introduction to essential libraries: NumPy, Pandas, Matplotlib
- Loading and manipulating datasets with Pandas
Resources:
- Python for Data Analysis by Wes McKinney
- Kaggle: Python Course
..."
"Student scored 80% in the Data Science and Machine Learning quiz. Provide a study plan for the Advanced level, focusing on key concepts and resources.","Advanced Level Study Plan: Data Science and Machine Learning
Week 1-2: Feature Engineering and Data Preparation
Goal: Master feature engineering techniques for model optimization.
Key Concepts:
- Advanced feature engineering methods
- Scaling, normalization, and encoding
Resources:
- Coursera: Feature Engineering for Machine Learning by University of Washington
- YouTube: StatQuest with Josh Starmer - Feature Engineering

Week 3-4: Advanced Machine Learning Models
Goal: Deep dive into complex machine learning models.
Key Concepts:
- Ensemble methods, boosting, and bagging
- Support Vector Machines, XGBoost, Random Forest
Resources:
- Coursera: Advanced Machine Learning Specialization by HSE University
- Book: Hands-On Machine Learning with Scikit-Learn and TensorFlow by Aurélien Géron
..."
"Student scored 100% in the Data Science and Machine Learning quiz. Provide a study plan for the Expert level, focusing on key concepts and resources.","Expert Level Study Plan: Data Science and Machine Learning
Week 1-2: Research Methods and Algorithm Optimization
Goal: Conduct research and optimize algorithms.
Key Concepts:
- Advanced research methodologies
- Hyperparameter tuning, optimization techniques
Resources:
- Coursera: Machine Learning Specialization by Andrew Ng
- Research Papers on arXiv

Week 3-4: Deploying Machine Learning Models
Goal: Learn how to deploy machine learning models in production.
Key Concepts:
- Model deployment techniques
- Building APIs and using cloud platforms
Resources:
- FastAPI Documentation
- AWS Machine Learning Services
..."
"Student scored 40% in the Data Science and Machine Learning quiz. Provide a study plan for the Intermediate level, focusing on key concepts and resources.","Intermediate Level Study Plan: Data Science and Machine Learning
Week 1-2: Data Analysis and Data Wrangling
Goal: Strengthen data manipulation and analysis skills.
Key Concepts:
- Data wrangling with Pandas and NumPy
- Handling missing values, data cleaning, and transformations
Resources:
- Kaggle: Pandas Course
- YouTube: Corey Schafer - Data Analysis with Pandas

Week 3-4: Exploratory Data Analysis and Visualization
Goal: Improve skills in visualizing and interpreting data.
Key Concepts:
- Using Seaborn and Matplotlib for EDA
- Statistical analysis and correlation studies
Resources:
- Udacity: Data Visualization in Python
- Towards Data Science: EDA Tutorial
..."
"Student scored 0% in the Data Science and Machine Learning quiz. Provide a study plan for the Basic level, focusing on key concepts and resources.","Basic Level Study Plan: Data Science and Machine Learning
Week 1-2: Introduction to Data Science and Machine Learning
Goal: Understand the basic concepts and types of machine learning.
Key Concepts:
- Introduction to data science and machine learning
- Difference between supervised, unsupervised, and reinforcement learning
- Understanding basic terms like dataset, features, labels, and models
Resources:
- Coursera: Introduction to Data Science by IBM
- YouTube: Data School - What is Machine Learning?

Week 3-4: Python for Data Science
Goal: Get familiar with Python, a popular language for data science.
Key Concepts:
- Python basics: data types, loops, functions, and libraries
- Introduction to essential libraries: NumPy, Pandas, Matplotlib
- Loading and manipulating datasets with Pandas
Resources:
- Python for Data Analysis by Wes McKinney
- Kaggle: Python Course
..."
"Student scored 60% in the Data Science and Machine Learning quiz. Provide a study plan for the Intermediate level, focusing on key concepts and resources.","Intermediate Level Study Plan: Data Science and Machine Learning
Week 1-2: Data Analysis and Data Wrangling
Goal: Strengthen data manipulation and analysis skills.
Key Concepts:
- Data wrangling with Pandas and NumPy
- Handling missing values, data cleaning, and transformations
Resources:
- Kaggle: Pandas Course
- YouTube: Corey Schafer - Data Analysis with Pandas

Week 3-4: Exploratory Data Analysis and Visualization
Goal: Improve skills in visualizing and interpreting data.
Key Concepts:
- Using Seaborn and Matplotlib for EDA
- Statistical analysis and correlation studies
Resources:
- Udacity: Data Visualization in Python
- Towards Data Science: EDA Tutorial
..."
"Student scored 20% in the Data Science and Machine Learning quiz. Provide a study plan for the Basic level, focusing on key concepts and resources.","Basic Level Study Plan: Data Science and Machine Learning
Week 1-2: Introduction to Data Science and Machine Learning
Goal: Understand the basic concepts and types of machine learning.
Key Concepts:
- Introduction to data science and machine learning
- Difference between supervised, unsupervised, and reinforcement learning
- Understanding basic terms like dataset, features, labels, and models
Resources:
- Coursera: Introduction to Data Science by IBM
- YouTube: Data School - What is Machine Learning?

Week 3-4: Python for Data Science
Goal: Get familiar with Python, a popular language for data science.
Key Concepts:
- Python basics: data types, loops, functions, and libraries
- Introduction to essential libraries: NumPy, Pandas, Matplotlib
- Loading and manipulating datasets with Pandas
Resources:
- Python for Data Analysis by Wes McKinney
- Kaggle: Python Course
..."
"Student scored 0% in the Data Science and Machine Learning quiz. Provide a study plan for the Basic level, focusing on key concepts and resources.","Basic Level Study Plan: Data Science and Machine Learning
Week 1-2: Introduction to Data Science and Machine Learning
Goal: Understand the basic concepts and types of machine learning.
Key Concepts:
- Introduction to data science and machine learning
- Difference between supervised, unsupervised, and reinforcement learning
- Understanding basic terms like dataset, features, labels, and models
Resources:
- Coursera: Introduction to Data Science by IBM
- YouTube: Data School - What is Machine Learning?

Week 3-4: Python for Data Science
Goal: Get familiar with Python, a popular language for data science.
Key Concepts:
- Python basics: data types, loops, functions, and libraries
- Introduction to essential libraries: NumPy, Pandas, Matplotlib
- Loading and manipulating datasets with Pandas
Resources:
- Python for Data Analysis by Wes McKinney
- Kaggle: Python Course
..."
"Student scored 0% in the Data Science and Machine Learning quiz. Provide a study plan for the Basic level, focusing on key concepts and resources.","Basic Level Study Plan: Data Science and Machine Learning
Week 1-2: Introduction to Data Science and Machine Learning
Goal: Understand the basic concepts and types of machine learning.
Key Concepts:
- Introduction to data science and machine learning
- Difference between supervised, unsupervised, and reinforcement learning
- Understanding basic terms like dataset, features, labels, and models
Resources:
- Coursera: Introduction to Data Science by IBM
- YouTube: Data School - What is Machine Learning?

Week 3-4: Python for Data Science
Goal: Get familiar with Python, a popular language for data science.
Key Concepts:
- Python basics: data types, loops, functions, and libraries
- Introduction to essential libraries: NumPy, Pandas, Matplotlib
- Loading and manipulating datasets with Pandas
Resources:
- Python for Data Analysis by Wes McKinney
- Kaggle: Python Course
..."
"Student scored 60% in the Data Science and Machine Learning quiz. Provide a study plan for the Intermediate level, focusing on key concepts and resources.","Intermediate Level Study Plan: Data Science and Machine Learning
Week 1-2: Data Analysis and Data Wrangling
Goal: Strengthen data manipulation and analysis skills.
Key Concepts:
- Data wrangling with Pandas and NumPy
- Handling missing values, data cleaning, and transformations
Resources:
- Kaggle: Pandas Course
- YouTube: Corey Schafer - Data Analysis with Pandas

Week 3-4: Exploratory Data Analysis and Visualization
Goal: Improve skills in visualizing and interpreting data.
Key Concepts:
- Using Seaborn and Matplotlib for EDA
- Statistical analysis and correlation studies
Resources:
- Udacity: Data Visualization in Python
- Towards Data Science: EDA Tutorial
..."
"Student scored 60% in the Data Science and Machine Learning quiz. Provide a study plan for the Intermediate level, focusing on key concepts and resources.","Intermediate Level Study Plan: Data Science and Machine Learning
Week 1-2: Data Analysis and Data Wrangling
Goal: Strengthen data manipulation and analysis skills.
Key Concepts:
- Data wrangling with Pandas and NumPy
- Handling missing values, data cleaning, and transformations
Resources:
- Kaggle: Pandas Course
- YouTube: Corey Schafer - Data Analysis with Pandas

Week 3-4: Exploratory Data Analysis and Visualization
Goal: Improve skills in visualizing and interpreting data.
Key Concepts:
- Using Seaborn and Matplotlib for EDA
- Statistical analysis and correlation studies
Resources:
- Udacity: Data Visualization in Python
- Towards Data Science: EDA Tutorial
..."
"Student scored 40% in the Data Science and Machine Learning quiz. Provide a study plan for the Intermediate level, focusing on key concepts and resources.","Intermediate Level Study Plan: Data Science and Machine Learning
Week 1-2: Data Analysis and Data Wrangling
Goal: Strengthen data manipulation and analysis skills.
Key Concepts:
- Data wrangling with Pandas and NumPy
- Handling missing values, data cleaning, and transformations
Resources:
- Kaggle: Pandas Course
- YouTube: Corey Schafer - Data Analysis with Pandas

Week 3-4: Exploratory Data Analysis and Visualization
Goal: Improve skills in visualizing and interpreting data.
Key Concepts:
- Using Seaborn and Matplotlib for EDA
- Statistical analysis and correlation studies
Resources:
- Udacity: Data Visualization in Python
- Towards Data Science: EDA Tutorial
..."
"Student scored 0% in the Data Science and Machine Learning quiz. Provide a study plan for the Basic level, focusing on key concepts and resources.","Basic Level Study Plan: Data Science and Machine Learning
Week 1-2: Introduction to Data Science and Machine Learning
Goal: Understand the basic concepts and types of machine learning.
Key Concepts:
- Introduction to data science and machine learning
- Difference between supervised, unsupervised, and reinforcement learning
- Understanding basic terms like dataset, features, labels, and models
Resources:
- Coursera: Introduction to Data Science by IBM
- YouTube: Data School - What is Machine Learning?

Week 3-4: Python for Data Science
Goal: Get familiar with Python, a popular language for data science.
Key Concepts:
- Python basics: data types, loops, functions, and libraries
- Introduction to essential libraries: NumPy, Pandas, Matplotlib
- Loading and manipulating datasets with Pandas
Resources:
- Python for Data Analysis by Wes McKinney
- Kaggle: Python Course
..."
"Student scored 80% in the Data Science and Machine Learning quiz. Provide a study plan for the Advanced level, focusing on key concepts and resources.","Advanced Level Study Plan: Data Science and Machine Learning
Week 1-2: Feature Engineering and Data Preparation
Goal: Master feature engineering techniques for model optimization.
Key Concepts:
- Advanced feature engineering methods
- Scaling, normalization, and encoding
Resources:
- Coursera: Feature Engineering for Machine Learning by University of Washington
- YouTube: StatQuest with Josh Starmer - Feature Engineering

Week 3-4: Advanced Machine Learning Models
Goal: Deep dive into complex machine learning models.
Key Concepts:
- Ensemble methods, boosting, and bagging
- Support Vector Machines, XGBoost, Random Forest
Resources:
- Coursera: Advanced Machine Learning Specialization by HSE University
- Book: Hands-On Machine Learning with Scikit-Learn and TensorFlow by Aurélien Géron
..."
"Student scored 80% in the Data Science and Machine Learning quiz. Provide a study plan for the Advanced level, focusing on key concepts and resources.","Advanced Level Study Plan: Data Science and Machine Learning
Week 1-2: Feature Engineering and Data Preparation
Goal: Master feature engineering techniques for model optimization.
Key Concepts:
- Advanced feature engineering methods
- Scaling, normalization, and encoding
Resources:
- Coursera: Feature Engineering for Machine Learning by University of Washington
- YouTube: StatQuest with Josh Starmer - Feature Engineering

Week 3-4: Advanced Machine Learning Models
Goal: Deep dive into complex machine learning models.
Key Concepts:
- Ensemble methods, boosting, and bagging
- Support Vector Machines, XGBoost, Random Forest
Resources:
- Coursera: Advanced Machine Learning Specialization by HSE University
- Book: Hands-On Machine Learning with Scikit-Learn and TensorFlow by Aurélien Géron
..."
"Student scored 0% in the Data Science and Machine Learning quiz. Provide a study plan for the Basic level, focusing on key concepts and resources.","Basic Level Study Plan: Data Science and Machine Learning
Week 1-2: Introduction to Data Science and Machine Learning
Goal: Understand the basic concepts and types of machine learning.
Key Concepts:
- Introduction to data science and machine learning
- Difference between supervised, unsupervised, and reinforcement learning
- Understanding basic terms like dataset, features, labels, and models
Resources:
- Coursera: Introduction to Data Science by IBM
- YouTube: Data School - What is Machine Learning?

Week 3-4: Python for Data Science
Goal: Get familiar with Python, a popular language for data science.
Key Concepts:
- Python basics: data types, loops, functions, and libraries
- Introduction to essential libraries: NumPy, Pandas, Matplotlib
- Loading and manipulating datasets with Pandas
Resources:
- Python for Data Analysis by Wes McKinney
- Kaggle: Python Course
..."
"Student scored 20% in the Data Science and Machine Learning quiz. Provide a study plan for the Basic level, focusing on key concepts and resources.","Basic Level Study Plan: Data Science and Machine Learning
Week 1-2: Introduction to Data Science and Machine Learning
Goal: Understand the basic concepts and types of machine learning.
Key Concepts:
- Introduction to data science and machine learning
- Difference between supervised, unsupervised, and reinforcement learning
- Understanding basic terms like dataset, features, labels, and models
Resources:
- Coursera: Introduction to Data Science by IBM
- YouTube: Data School - What is Machine Learning?

Week 3-4: Python for Data Science
Goal: Get familiar with Python, a popular language for data science.
Key Concepts:
- Python basics: data types, loops, functions, and libraries
- Introduction to essential libraries: NumPy, Pandas, Matplotlib
- Loading and manipulating datasets with Pandas
Resources:
- Python for Data Analysis by Wes McKinney
- Kaggle: Python Course
..."
"Student scored 60% in the Data Science and Machine Learning quiz. Provide a study plan for the Intermediate level, focusing on key concepts and resources.","Intermediate Level Study Plan: Data Science and Machine Learning
Week 1-2: Data Analysis and Data Wrangling
Goal: Strengthen data manipulation and analysis skills.
Key Concepts:
- Data wrangling with Pandas and NumPy
- Handling missing values, data cleaning, and transformations
Resources:
- Kaggle: Pandas Course
- YouTube: Corey Schafer - Data Analysis with Pandas

Week 3-4: Exploratory Data Analysis and Visualization
Goal: Improve skills in visualizing and interpreting data.
Key Concepts:
- Using Seaborn and Matplotlib for EDA
- Statistical analysis and correlation studies
Resources:
- Udacity: Data Visualization in Python
- Towards Data Science: EDA Tutorial
..."
"Student scored 20% in the Data Science and Machine Learning quiz. Provide a study plan for the Basic level, focusing on key concepts and resources.","Basic Level Study Plan: Data Science and Machine Learning
Week 1-2: Introduction to Data Science and Machine Learning
Goal: Understand the basic concepts and types of machine learning.
Key Concepts:
- Introduction to data science and machine learning
- Difference between supervised, unsupervised, and reinforcement learning
- Understanding basic terms like dataset, features, labels, and models
Resources:
- Coursera: Introduction to Data Science by IBM
- YouTube: Data School - What is Machine Learning?

Week 3-4: Python for Data Science
Goal: Get familiar with Python, a popular language for data science.
Key Concepts:
- Python basics: data types, loops, functions, and libraries
- Introduction to essential libraries: NumPy, Pandas, Matplotlib
- Loading and manipulating datasets with Pandas
Resources:
- Python for Data Analysis by Wes McKinney
- Kaggle: Python Course
..."
"Student scored 20% in the Data Science and Machine Learning quiz. Provide a study plan for the Basic level, focusing on key concepts and resources.","Basic Level Study Plan: Data Science and Machine Learning
Week 1-2: Introduction to Data Science and Machine Learning
Goal: Understand the basic concepts and types of machine learning.
Key Concepts:
- Introduction to data science and machine learning
- Difference between supervised, unsupervised, and reinforcement learning
- Understanding basic terms like dataset, features, labels, and models
Resources:
- Coursera: Introduction to Data Science by IBM
- YouTube: Data School - What is Machine Learning?

Week 3-4: Python for Data Science
Goal: Get familiar with Python, a popular language for data science.
Key Concepts:
- Python basics: data types, loops, functions, and libraries
- Introduction to essential libraries: NumPy, Pandas, Matplotlib
- Loading and manipulating datasets with Pandas
Resources:
- Python for Data Analysis by Wes McKinney
- Kaggle: Python Course
..."
"Student scored 100% in the Data Science and Machine Learning quiz. Provide a study plan for the Expert level, focusing on key concepts and resources.","Expert Level Study Plan: Data Science and Machine Learning
Week 1-2: Research Methods and Algorithm Optimization
Goal: Conduct research and optimize algorithms.
Key Concepts:
- Advanced research methodologies
- Hyperparameter tuning, optimization techniques
Resources:
- Coursera: Machine Learning Specialization by Andrew Ng
- Research Papers on arXiv

Week 3-4: Deploying Machine Learning Models
Goal: Learn how to deploy machine learning models in production.
Key Concepts:
- Model deployment techniques
- Building APIs and using cloud platforms
Resources:
- FastAPI Documentation
- AWS Machine Learning Services
..."
"Student scored 40% in the Data Science and Machine Learning quiz. Provide a study plan for the Intermediate level, focusing on key concepts and resources.","Intermediate Level Study Plan: Data Science and Machine Learning
Week 1-2: Data Analysis and Data Wrangling
Goal: Strengthen data manipulation and analysis skills.
Key Concepts:
- Data wrangling with Pandas and NumPy
- Handling missing values, data cleaning, and transformations
Resources:
- Kaggle: Pandas Course
- YouTube: Corey Schafer - Data Analysis with Pandas

Week 3-4: Exploratory Data Analysis and Visualization
Goal: Improve skills in visualizing and interpreting data.
Key Concepts:
- Using Seaborn and Matplotlib for EDA
- Statistical analysis and correlation studies
Resources:
- Udacity: Data Visualization in Python
- Towards Data Science: EDA Tutorial
..."
"Student scored 0% in the Data Science and Machine Learning quiz. Provide a study plan for the Basic level, focusing on key concepts and resources.","Basic Level Study Plan: Data Science and Machine Learning
Week 1-2: Introduction to Data Science and Machine Learning
Goal: Understand the basic concepts and types of machine learning.
Key Concepts:
- Introduction to data science and machine learning
- Difference between supervised, unsupervised, and reinforcement learning
- Understanding basic terms like dataset, features, labels, and models
Resources:
- Coursera: Introduction to Data Science by IBM
- YouTube: Data School - What is Machine Learning?

Week 3-4: Python for Data Science
Goal: Get familiar with Python, a popular language for data science.
Key Concepts:
- Python basics: data types, loops, functions, and libraries
- Introduction to essential libraries: NumPy, Pandas, Matplotlib
- Loading and manipulating datasets with Pandas
Resources:
- Python for Data Analysis by Wes McKinney
- Kaggle: Python Course
..."
"Student scored 80% in the Data Science and Machine Learning quiz. Provide a study plan for the Advanced level, focusing on key concepts and resources.","Advanced Level Study Plan: Data Science and Machine Learning
Week 1-2: Feature Engineering and Data Preparation
Goal: Master feature engineering techniques for model optimization.
Key Concepts:
- Advanced feature engineering methods
- Scaling, normalization, and encoding
Resources:
- Coursera: Feature Engineering for Machine Learning by University of Washington
- YouTube: StatQuest with Josh Starmer - Feature Engineering

Week 3-4: Advanced Machine Learning Models
Goal: Deep dive into complex machine learning models.
Key Concepts:
- Ensemble methods, boosting, and bagging
- Support Vector Machines, XGBoost, Random Forest
Resources:
- Coursera: Advanced Machine Learning Specialization by HSE University
- Book: Hands-On Machine Learning with Scikit-Learn and TensorFlow by Aurélien Géron
..."
"Student scored 40% in the Data Science and Machine Learning quiz. Provide a study plan for the Intermediate level, focusing on key concepts and resources.","Intermediate Level Study Plan: Data Science and Machine Learning
Week 1-2: Data Analysis and Data Wrangling
Goal: Strengthen data manipulation and analysis skills.
Key Concepts:
- Data wrangling with Pandas and NumPy
- Handling missing values, data cleaning, and transformations
Resources:
- Kaggle: Pandas Course
- YouTube: Corey Schafer - Data Analysis with Pandas

Week 3-4: Exploratory Data Analysis and Visualization
Goal: Improve skills in visualizing and interpreting data.
Key Concepts:
- Using Seaborn and Matplotlib for EDA
- Statistical analysis and correlation studies
Resources:
- Udacity: Data Visualization in Python
- Towards Data Science: EDA Tutorial
..."
"Student scored 20% in the Data Science and Machine Learning quiz. Provide a study plan for the Basic level, focusing on key concepts and resources.","Basic Level Study Plan: Data Science and Machine Learning
Week 1-2: Introduction to Data Science and Machine Learning
Goal: Understand the basic concepts and types of machine learning.
Key Concepts:
- Introduction to data science and machine learning
- Difference between supervised, unsupervised, and reinforcement learning
- Understanding basic terms like dataset, features, labels, and models
Resources:
- Coursera: Introduction to Data Science by IBM
- YouTube: Data School - What is Machine Learning?

Week 3-4: Python for Data Science
Goal: Get familiar with Python, a popular language for data science.
Key Concepts:
- Python basics: data types, loops, functions, and libraries
- Introduction to essential libraries: NumPy, Pandas, Matplotlib
- Loading and manipulating datasets with Pandas
Resources:
- Python for Data Analysis by Wes McKinney
- Kaggle: Python Course
..."
"Student scored 60% in the Data Science and Machine Learning quiz. Provide a study plan for the Intermediate level, focusing on key concepts and resources.","Intermediate Level Study Plan: Data Science and Machine Learning
Week 1-2: Data Analysis and Data Wrangling
Goal: Strengthen data manipulation and analysis skills.
Key Concepts:
- Data wrangling with Pandas and NumPy
- Handling missing values, data cleaning, and transformations
Resources:
- Kaggle: Pandas Course
- YouTube: Corey Schafer - Data Analysis with Pandas

Week 3-4: Exploratory Data Analysis and Visualization
Goal: Improve skills in visualizing and interpreting data.
Key Concepts:
- Using Seaborn and Matplotlib for EDA
- Statistical analysis and correlation studies
Resources:
- Udacity: Data Visualization in Python
- Towards Data Science: EDA Tutorial
..."
"Student scored 100% in the Data Science and Machine Learning quiz. Provide a study plan for the Expert level, focusing on key concepts and resources.","Expert Level Study Plan: Data Science and Machine Learning
Week 1-2: Research Methods and Algorithm Optimization
Goal: Conduct research and optimize algorithms.
Key Concepts:
- Advanced research methodologies
- Hyperparameter tuning, optimization techniques
Resources:
- Coursera: Machine Learning Specialization by Andrew Ng
- Research Papers on arXiv

Week 3-4: Deploying Machine Learning Models
Goal: Learn how to deploy machine learning models in production.
Key Concepts:
- Model deployment techniques
- Building APIs and using cloud platforms
Resources:
- FastAPI Documentation
- AWS Machine Learning Services
..."
"Student scored 0% in the Data Science and Machine Learning quiz. Provide a study plan for the Basic level, focusing on key concepts and resources.","Basic Level Study Plan: Data Science and Machine Learning
Week 1-2: Introduction to Data Science and Machine Learning
Goal: Understand the basic concepts and types of machine learning.
Key Concepts:
- Introduction to data science and machine learning
- Difference between supervised, unsupervised, and reinforcement learning
- Understanding basic terms like dataset, features, labels, and models
Resources:
- Coursera: Introduction to Data Science by IBM
- YouTube: Data School - What is Machine Learning?

Week 3-4: Python for Data Science
Goal: Get familiar with Python, a popular language for data science.
Key Concepts:
- Python basics: data types, loops, functions, and libraries
- Introduction to essential libraries: NumPy, Pandas, Matplotlib
- Loading and manipulating datasets with Pandas
Resources:
- Python for Data Analysis by Wes McKinney
- Kaggle: Python Course
..."
"Student scored 0% in the Data Science and Machine Learning quiz. Provide a study plan for the Basic level, focusing on key concepts and resources.","Basic Level Study Plan: Data Science and Machine Learning
Week 1-2: Introduction to Data Science and Machine Learning
Goal: Understand the basic concepts and types of machine learning.
Key Concepts:
- Introduction to data science and machine learning
- Difference between supervised, unsupervised, and reinforcement learning
- Understanding basic terms like dataset, features, labels, and models
Resources:
- Coursera: Introduction to Data Science by IBM
- YouTube: Data School - What is Machine Learning?

Week 3-4: Python for Data Science
Goal: Get familiar with Python, a popular language for data science.
Key Concepts:
- Python basics: data types, loops, functions, and libraries
- Introduction to essential libraries: NumPy, Pandas, Matplotlib
- Loading and manipulating datasets with Pandas
Resources:
- Python for Data Analysis by Wes McKinney
- Kaggle: Python Course
..."
"Student scored 20% in the Data Science and Machine Learning quiz. Provide a study plan for the Basic level, focusing on key concepts and resources.","Basic Level Study Plan: Data Science and Machine Learning
Week 1-2: Introduction to Data Science and Machine Learning
Goal: Understand the basic concepts and types of machine learning.
Key Concepts:
- Introduction to data science and machine learning
- Difference between supervised, unsupervised, and reinforcement learning
- Understanding basic terms like dataset, features, labels, and models
Resources:
- Coursera: Introduction to Data Science by IBM
- YouTube: Data School - What is Machine Learning?

Week 3-4: Python for Data Science
Goal: Get familiar with Python, a popular language for data science.
Key Concepts:
- Python basics: data types, loops, functions, and libraries
- Introduction to essential libraries: NumPy, Pandas, Matplotlib
- Loading and manipulating datasets with Pandas
Resources:
- Python for Data Analysis by Wes McKinney
- Kaggle: Python Course
..."
"Student scored 100% in the Data Science and Machine Learning quiz. Provide a study plan for the Expert level, focusing on key concepts and resources.","Expert Level Study Plan: Data Science and Machine Learning
Week 1-2: Research Methods and Algorithm Optimization
Goal: Conduct research and optimize algorithms.
Key Concepts:
- Advanced research methodologies
- Hyperparameter tuning, optimization techniques
Resources:
- Coursera: Machine Learning Specialization by Andrew Ng
- Research Papers on arXiv

Week 3-4: Deploying Machine Learning Models
Goal: Learn how to deploy machine learning models in production.
Key Concepts:
- Model deployment techniques
- Building APIs and using cloud platforms
Resources:
- FastAPI Documentation
- AWS Machine Learning Services
..."
"Student scored 60% in the Data Science and Machine Learning quiz. Provide a study plan for the Intermediate level, focusing on key concepts and resources.","Intermediate Level Study Plan: Data Science and Machine Learning
Week 1-2: Data Analysis and Data Wrangling
Goal: Strengthen data manipulation and analysis skills.
Key Concepts:
- Data wrangling with Pandas and NumPy
- Handling missing values, data cleaning, and transformations
Resources:
- Kaggle: Pandas Course
- YouTube: Corey Schafer - Data Analysis with Pandas

Week 3-4: Exploratory Data Analysis and Visualization
Goal: Improve skills in visualizing and interpreting data.
Key Concepts:
- Using Seaborn and Matplotlib for EDA
- Statistical analysis and correlation studies
Resources:
- Udacity: Data Visualization in Python
- Towards Data Science: EDA Tutorial
..."
"Student scored 80% in the Data Science and Machine Learning quiz. Provide a study plan for the Advanced level, focusing on key concepts and resources.","Advanced Level Study Plan: Data Science and Machine Learning
Week 1-2: Feature Engineering and Data Preparation
Goal: Master feature engineering techniques for model optimization.
Key Concepts:
- Advanced feature engineering methods
- Scaling, normalization, and encoding
Resources:
- Coursera: Feature Engineering for Machine Learning by University of Washington
- YouTube: StatQuest with Josh Starmer - Feature Engineering

Week 3-4: Advanced Machine Learning Models
Goal: Deep dive into complex machine learning models.
Key Concepts:
- Ensemble methods, boosting, and bagging
- Support Vector Machines, XGBoost, Random Forest
Resources:
- Coursera: Advanced Machine Learning Specialization by HSE University
- Book: Hands-On Machine Learning with Scikit-Learn and TensorFlow by Aurélien Géron
..."
"Student scored 100% in the Data Science and Machine Learning quiz. Provide a study plan for the Expert level, focusing on key concepts and resources.","Expert Level Study Plan: Data Science and Machine Learning
Week 1-2: Research Methods and Algorithm Optimization
Goal: Conduct research and optimize algorithms.
Key Concepts:
- Advanced research methodologies
- Hyperparameter tuning, optimization techniques
Resources:
- Coursera: Machine Learning Specialization by Andrew Ng
- Research Papers on arXiv

Week 3-4: Deploying Machine Learning Models
Goal: Learn how to deploy machine learning models in production.
Key Concepts:
- Model deployment techniques
- Building APIs and using cloud platforms
Resources:
- FastAPI Documentation
- AWS Machine Learning Services
..."
"Student scored 100% in the Data Science and Machine Learning quiz. Provide a study plan for the Expert level, focusing on key concepts and resources.","Expert Level Study Plan: Data Science and Machine Learning
Week 1-2: Research Methods and Algorithm Optimization
Goal: Conduct research and optimize algorithms.
Key Concepts:
- Advanced research methodologies
- Hyperparameter tuning, optimization techniques
Resources:
- Coursera: Machine Learning Specialization by Andrew Ng
- Research Papers on arXiv

Week 3-4: Deploying Machine Learning Models
Goal: Learn how to deploy machine learning models in production.
Key Concepts:
- Model deployment techniques
- Building APIs and using cloud platforms
Resources:
- FastAPI Documentation
- AWS Machine Learning Services
..."
"Student scored 60% in the Data Science and Machine Learning quiz. Provide a study plan for the Intermediate level, focusing on key concepts and resources.","Intermediate Level Study Plan: Data Science and Machine Learning
Week 1-2: Data Analysis and Data Wrangling
Goal: Strengthen data manipulation and analysis skills.
Key Concepts:
- Data wrangling with Pandas and NumPy
- Handling missing values, data cleaning, and transformations
Resources:
- Kaggle: Pandas Course
- YouTube: Corey Schafer - Data Analysis with Pandas

Week 3-4: Exploratory Data Analysis and Visualization
Goal: Improve skills in visualizing and interpreting data.
Key Concepts:
- Using Seaborn and Matplotlib for EDA
- Statistical analysis and correlation studies
Resources:
- Udacity: Data Visualization in Python
- Towards Data Science: EDA Tutorial
..."
"Student scored 0% in the Data Science and Machine Learning quiz. Provide a study plan for the Basic level, focusing on key concepts and resources.","Basic Level Study Plan: Data Science and Machine Learning
Week 1-2: Introduction to Data Science and Machine Learning
Goal: Understand the basic concepts and types of machine learning.
Key Concepts:
- Introduction to data science and machine learning
- Difference between supervised, unsupervised, and reinforcement learning
- Understanding basic terms like dataset, features, labels, and models
Resources:
- Coursera: Introduction to Data Science by IBM
- YouTube: Data School - What is Machine Learning?

Week 3-4: Python for Data Science
Goal: Get familiar with Python, a popular language for data science.
Key Concepts:
- Python basics: data types, loops, functions, and libraries
- Introduction to essential libraries: NumPy, Pandas, Matplotlib
- Loading and manipulating datasets with Pandas
Resources:
- Python for Data Analysis by Wes McKinney
- Kaggle: Python Course
..."
"Student scored 80% in the Data Science and Machine Learning quiz. Provide a study plan for the Advanced level, focusing on key concepts and resources.","Advanced Level Study Plan: Data Science and Machine Learning
Week 1-2: Feature Engineering and Data Preparation
Goal: Master feature engineering techniques for model optimization.
Key Concepts:
- Advanced feature engineering methods
- Scaling, normalization, and encoding
Resources:
- Coursera: Feature Engineering for Machine Learning by University of Washington
- YouTube: StatQuest with Josh Starmer - Feature Engineering

Week 3-4: Advanced Machine Learning Models
Goal: Deep dive into complex machine learning models.
Key Concepts:
- Ensemble methods, boosting, and bagging
- Support Vector Machines, XGBoost, Random Forest
Resources:
- Coursera: Advanced Machine Learning Specialization by HSE University
- Book: Hands-On Machine Learning with Scikit-Learn and TensorFlow by Aurélien Géron
..."
"Student scored 60% in the Data Science and Machine Learning quiz. Provide a study plan for the Intermediate level, focusing on key concepts and resources.","Intermediate Level Study Plan: Data Science and Machine Learning
Week 1-2: Data Analysis and Data Wrangling
Goal: Strengthen data manipulation and analysis skills.
Key Concepts:
- Data wrangling with Pandas and NumPy
- Handling missing values, data cleaning, and transformations
Resources:
- Kaggle: Pandas Course
- YouTube: Corey Schafer - Data Analysis with Pandas

Week 3-4: Exploratory Data Analysis and Visualization
Goal: Improve skills in visualizing and interpreting data.
Key Concepts:
- Using Seaborn and Matplotlib for EDA
- Statistical analysis and correlation studies
Resources:
- Udacity: Data Visualization in Python
- Towards Data Science: EDA Tutorial
..."
"Student scored 0% in the Data Science and Machine Learning quiz. Provide a study plan for the Basic level, focusing on key concepts and resources.","Basic Level Study Plan: Data Science and Machine Learning
Week 1-2: Introduction to Data Science and Machine Learning
Goal: Understand the basic concepts and types of machine learning.
Key Concepts:
- Introduction to data science and machine learning
- Difference between supervised, unsupervised, and reinforcement learning
- Understanding basic terms like dataset, features, labels, and models
Resources:
- Coursera: Introduction to Data Science by IBM
- YouTube: Data School - What is Machine Learning?

Week 3-4: Python for Data Science
Goal: Get familiar with Python, a popular language for data science.
Key Concepts:
- Python basics: data types, loops, functions, and libraries
- Introduction to essential libraries: NumPy, Pandas, Matplotlib
- Loading and manipulating datasets with Pandas
Resources:
- Python for Data Analysis by Wes McKinney
- Kaggle: Python Course
..."
"Student scored 80% in the Data Science and Machine Learning quiz. Provide a study plan for the Advanced level, focusing on key concepts and resources.","Advanced Level Study Plan: Data Science and Machine Learning
Week 1-2: Feature Engineering and Data Preparation
Goal: Master feature engineering techniques for model optimization.
Key Concepts:
- Advanced feature engineering methods
- Scaling, normalization, and encoding
Resources:
- Coursera: Feature Engineering for Machine Learning by University of Washington
- YouTube: StatQuest with Josh Starmer - Feature Engineering

Week 3-4: Advanced Machine Learning Models
Goal: Deep dive into complex machine learning models.
Key Concepts:
- Ensemble methods, boosting, and bagging
- Support Vector Machines, XGBoost, Random Forest
Resources:
- Coursera: Advanced Machine Learning Specialization by HSE University
- Book: Hands-On Machine Learning with Scikit-Learn and TensorFlow by Aurélien Géron
..."
"Student scored 20% in the Data Science and Machine Learning quiz. Provide a study plan for the Basic level, focusing on key concepts and resources.","Basic Level Study Plan: Data Science and Machine Learning
Week 1-2: Introduction to Data Science and Machine Learning
Goal: Understand the basic concepts and types of machine learning.
Key Concepts:
- Introduction to data science and machine learning
- Difference between supervised, unsupervised, and reinforcement learning
- Understanding basic terms like dataset, features, labels, and models
Resources:
- Coursera: Introduction to Data Science by IBM
- YouTube: Data School - What is Machine Learning?

Week 3-4: Python for Data Science
Goal: Get familiar with Python, a popular language for data science.
Key Concepts:
- Python basics: data types, loops, functions, and libraries
- Introduction to essential libraries: NumPy, Pandas, Matplotlib
- Loading and manipulating datasets with Pandas
Resources:
- Python for Data Analysis by Wes McKinney
- Kaggle: Python Course
..."
"Student scored 20% in the Data Science and Machine Learning quiz. Provide a study plan for the Basic level, focusing on key concepts and resources.","Basic Level Study Plan: Data Science and Machine Learning
Week 1-2: Introduction to Data Science and Machine Learning
Goal: Understand the basic concepts and types of machine learning.
Key Concepts:
- Introduction to data science and machine learning
- Difference between supervised, unsupervised, and reinforcement learning
- Understanding basic terms like dataset, features, labels, and models
Resources:
- Coursera: Introduction to Data Science by IBM
- YouTube: Data School - What is Machine Learning?

Week 3-4: Python for Data Science
Goal: Get familiar with Python, a popular language for data science.
Key Concepts:
- Python basics: data types, loops, functions, and libraries
- Introduction to essential libraries: NumPy, Pandas, Matplotlib
- Loading and manipulating datasets with Pandas
Resources:
- Python for Data Analysis by Wes McKinney
- Kaggle: Python Course
..."
"Student scored 80% in the Data Science and Machine Learning quiz. Provide a study plan for the Advanced level, focusing on key concepts and resources.","Advanced Level Study Plan: Data Science and Machine Learning
Week 1-2: Feature Engineering and Data Preparation
Goal: Master feature engineering techniques for model optimization.
Key Concepts:
- Advanced feature engineering methods
- Scaling, normalization, and encoding
Resources:
- Coursera: Feature Engineering for Machine Learning by University of Washington
- YouTube: StatQuest with Josh Starmer - Feature Engineering

Week 3-4: Advanced Machine Learning Models
Goal: Deep dive into complex machine learning models.
Key Concepts:
- Ensemble methods, boosting, and bagging
- Support Vector Machines, XGBoost, Random Forest
Resources:
- Coursera: Advanced Machine Learning Specialization by HSE University
- Book: Hands-On Machine Learning with Scikit-Learn and TensorFlow by Aurélien Géron
..."
"Student scored 80% in the Data Science and Machine Learning quiz. Provide a study plan for the Advanced level, focusing on key concepts and resources.","Advanced Level Study Plan: Data Science and Machine Learning
Week 1-2: Feature Engineering and Data Preparation
Goal: Master feature engineering techniques for model optimization.
Key Concepts:
- Advanced feature engineering methods
- Scaling, normalization, and encoding
Resources:
- Coursera: Feature Engineering for Machine Learning by University of Washington
- YouTube: StatQuest with Josh Starmer - Feature Engineering

Week 3-4: Advanced Machine Learning Models
Goal: Deep dive into complex machine learning models.
Key Concepts:
- Ensemble methods, boosting, and bagging
- Support Vector Machines, XGBoost, Random Forest
Resources:
- Coursera: Advanced Machine Learning Specialization by HSE University
- Book: Hands-On Machine Learning with Scikit-Learn and TensorFlow by Aurélien Géron
..."
"Student scored 80% in the Data Science and Machine Learning quiz. Provide a study plan for the Advanced level, focusing on key concepts and resources.","Advanced Level Study Plan: Data Science and Machine Learning
Week 1-2: Feature Engineering and Data Preparation
Goal: Master feature engineering techniques for model optimization.
Key Concepts:
- Advanced feature engineering methods
- Scaling, normalization, and encoding
Resources:
- Coursera: Feature Engineering for Machine Learning by University of Washington
- YouTube: StatQuest with Josh Starmer - Feature Engineering

Week 3-4: Advanced Machine Learning Models
Goal: Deep dive into complex machine learning models.
Key Concepts:
- Ensemble methods, boosting, and bagging
- Support Vector Machines, XGBoost, Random Forest
Resources:
- Coursera: Advanced Machine Learning Specialization by HSE University
- Book: Hands-On Machine Learning with Scikit-Learn and TensorFlow by Aurélien Géron
..."
"Student scored 60% in the Data Science and Machine Learning quiz. Provide a study plan for the Intermediate level, focusing on key concepts and resources.","Intermediate Level Study Plan: Data Science and Machine Learning
Week 1-2: Data Analysis and Data Wrangling
Goal: Strengthen data manipulation and analysis skills.
Key Concepts:
- Data wrangling with Pandas and NumPy
- Handling missing values, data cleaning, and transformations
Resources:
- Kaggle: Pandas Course
- YouTube: Corey Schafer - Data Analysis with Pandas

Week 3-4: Exploratory Data Analysis and Visualization
Goal: Improve skills in visualizing and interpreting data.
Key Concepts:
- Using Seaborn and Matplotlib for EDA
- Statistical analysis and correlation studies
Resources:
- Udacity: Data Visualization in Python
- Towards Data Science: EDA Tutorial
..."
"Student scored 80% in the Data Science and Machine Learning quiz. Provide a study plan for the Advanced level, focusing on key concepts and resources.","Advanced Level Study Plan: Data Science and Machine Learning
Week 1-2: Feature Engineering and Data Preparation
Goal: Master feature engineering techniques for model optimization.
Key Concepts:
- Advanced feature engineering methods
- Scaling, normalization, and encoding
Resources:
- Coursera: Feature Engineering for Machine Learning by University of Washington
- YouTube: StatQuest with Josh Starmer - Feature Engineering

Week 3-4: Advanced Machine Learning Models
Goal: Deep dive into complex machine learning models.
Key Concepts:
- Ensemble methods, boosting, and bagging
- Support Vector Machines, XGBoost, Random Forest
Resources:
- Coursera: Advanced Machine Learning Specialization by HSE University
- Book: Hands-On Machine Learning with Scikit-Learn and TensorFlow by Aurélien Géron
..."
"Student scored 60% in the Data Science and Machine Learning quiz. Provide a study plan for the Intermediate level, focusing on key concepts and resources.","Intermediate Level Study Plan: Data Science and Machine Learning
Week 1-2: Data Analysis and Data Wrangling
Goal: Strengthen data manipulation and analysis skills.
Key Concepts:
- Data wrangling with Pandas and NumPy
- Handling missing values, data cleaning, and transformations
Resources:
- Kaggle: Pandas Course
- YouTube: Corey Schafer - Data Analysis with Pandas

Week 3-4: Exploratory Data Analysis and Visualization
Goal: Improve skills in visualizing and interpreting data.
Key Concepts:
- Using Seaborn and Matplotlib for EDA
- Statistical analysis and correlation studies
Resources:
- Udacity: Data Visualization in Python
- Towards Data Science: EDA Tutorial
..."
"Student scored 40% in the Data Science and Machine Learning quiz. Provide a study plan for the Intermediate level, focusing on key concepts and resources.","Intermediate Level Study Plan: Data Science and Machine Learning
Week 1-2: Data Analysis and Data Wrangling
Goal: Strengthen data manipulation and analysis skills.
Key Concepts:
- Data wrangling with Pandas and NumPy
- Handling missing values, data cleaning, and transformations
Resources:
- Kaggle: Pandas Course
- YouTube: Corey Schafer - Data Analysis with Pandas

Week 3-4: Exploratory Data Analysis and Visualization
Goal: Improve skills in visualizing and interpreting data.
Key Concepts:
- Using Seaborn and Matplotlib for EDA
- Statistical analysis and correlation studies
Resources:
- Udacity: Data Visualization in Python
- Towards Data Science: EDA Tutorial
..."
"Student scored 60% in the Data Science and Machine Learning quiz. Provide a study plan for the Intermediate level, focusing on key concepts and resources.","Intermediate Level Study Plan: Data Science and Machine Learning
Week 1-2: Data Analysis and Data Wrangling
Goal: Strengthen data manipulation and analysis skills.
Key Concepts:
- Data wrangling with Pandas and NumPy
- Handling missing values, data cleaning, and transformations
Resources:
- Kaggle: Pandas Course
- YouTube: Corey Schafer - Data Analysis with Pandas

Week 3-4: Exploratory Data Analysis and Visualization
Goal: Improve skills in visualizing and interpreting data.
Key Concepts:
- Using Seaborn and Matplotlib for EDA
- Statistical analysis and correlation studies
Resources:
- Udacity: Data Visualization in Python
- Towards Data Science: EDA Tutorial
..."
